TIMESTAMP,U10,V10,WS10,U100,V100,WS100
20131101 1:00,3.4622514603,-1.0663743856,3.6227530283,4.3236711016,-1.3308594583,4.5238610382
20131101 2:00,3.6513406479,-0.3377166709,3.6669252892,4.5324442929,-0.4514255833,4.5548695179
20131101 3:00,3.6578290024,0.3280494811,3.672509969,4.5272680981,0.341373771,4.540120316
20131101 4:00,3.5516980613,0.7353706176,3.6270275797,4.3955626964,0.8187985394,4.4711746182
20131101 5:00,3.586920557,1.0508111118,3.7376734843,4.4611278309,1.2519711426,4.6334752902
20131101 6:00,3.5683824014,1.1849470229,3.7599803735,4.4783818136,1.4420684721,4.7048342316
20131101 7:00,3.2254265218,1.2596307536,3.462664564,4.113172512,1.5735784279,4.4039002239
20131101 8:00,2.2975918315,1.1633280482,2.5753175283,3.3327173589,1.720670132,3.7506946953
20131101 9:00,1.6329989514,1.1869123842,2.0187735343,2.1174618404,1.479464668,2.5831105957
20131101 10:00,-0.224060791,0.9672832551,0.9928948251,0.7141379099,1.2083422473,1.4035967872
20131101 11:00,-0.5554303232,0.4066639345,0.6883882622,-0.3510079587,0.44359004,0.5656666073
20131101 12:00,-1.0443741785,0.2464869857,1.0730672201,-0.8876068223,-0.5218550857,1.029649747
20131101 13:00,-1.2019485016,-0.2443620075,1.2265369913,-0.645475931,-1.1289200001,1.3004228329
20131101 14:00,-0.8724327849,-0.3244504819,0.930809905,0.0130510774,-0.9288503518,0.9289420362
20131101 15:00,0.2375392847,0.4612027115,0.5187801585,0.9867508373,-0.0282252991,0.987154437
20131101 16:00,0.5869835188,0.9500863434,1.1167872274,1.4980438596,0.7602111658,1.6798977414
20131101 17:00,0.3682332821,1.2478385856,1.3010368502,1.2547627028,1.2326497747,1.7589357314
20131101 18:00,0.0753304228,1.4807339037,1.4826488344,0.9010560563,1.4856973674,1.7375841517
20131101 19:00,-0.1156125804,1.2429251822,1.248290542,0.8228380012,1.1965001186,1.4521277182
20131101 20:00,-0.1758615863,0.5019839592,0.5318977278,0.8188120719,0.4005844146,0.9115487273
20131101 21:00,-0.7130046463,-0.1603428105,0.7308114959,0.7497961409,-0.6296807841,0.9791282565
20131101 22:00,-0.125808566,-1.3371029094,1.3430085575,0.5605774634,-1.972204219,2.0503259677
20131101 23:00,0.6620630492,-1.7100302226,1.8337204921,0.8987555253,-2.1348776715,2.3163471601
20131102 0:00,1.8999483928,-1.3744447748,2.3449738451,2.365919192,-1.6892396696,2.9070783072
20131102 1:00,3.3643410336,-2.5290167146,4.2088853789,4.2227800166,-3.2420197118,4.2088853789
20131102 2:00,4.2011904899,-1.9039780343,4.6124975759,5.2827015875,-2.4705021296,5.8318364891
20131102 3:00,5.0486097088,-1.0151661025,5.1496623392,6.4226063823,-1.348972945,6.5627433858
20131102 4:00,5.7287509473,0.4160388567,5.7438380676,7.3576620569,0.4582805693,7.3719205113
20131102 5:00,5.8454778896,1.2345772393,5.9744282335,7.6298351856,1.5605373567,7.7877892756
20131102 6:00,5.4314189329,1.3968992402,5.608176095,7.1539637746,1.8185388044,7.3814823085
20131102 7:00,4.8330784649,1.678488321,5.116245742,6.5117963082,2.2288543597,6.8826799225
20131102 8:00,3.3211428739,3.5981439354,4.8965936904,4.9127072498,5.6587193884,7.493717211
20131102 9:00,1.8997395963,4.5389187028,4.9204464761,3.199109835,8.1883769563,8.7911217097
20131102 10:00,1.6014884721,4.2147695852,4.5087745544,2.7451043413,8.0528484849,8.5078767366
20131102 11:00,1.4236407293,3.842616705,4.0978599376,2.4527915519,7.601501374,7.9874282179
20131102 12:00,1.0229088644,3.2888413422,3.4442444627,1.6051995465,6.8859359131,7.0705571904
20131102 13:00,2.6442185196,3.7025644909,4.5498214677,4.4425900275,7.1632097581,8.4290082567
20131102 14:00,3.0178366459,4.4325186108,5.3623277833,4.505886104,7.313658795,8.5902627755
20131102 15:00,1.1465291301,3.1581919268,3.3598668564,1.9751938842,6.133069038,6.4432853969
20131102 16:00,1.6547968394,3.384353983,3.7672542338,3.0656126556,6.9232373272,7.5716045884
20131102 17:00,2.3298829742,4.008402895,4.6363399834,3.548964512,6.9530784585,7.806436393
20131102 18:00,2.2292404531,4.5567345322,5.0728042141,3.1594059325,7.250246391,7.9087242067
20131102 19:00,1.5013055059,4.3266134029,4.5796835873,2.0672609045,6.8846925326,7.1883627424
20131102 20:00,1.1304447089,3.8015413207,3.9660587051,1.434875559,5.6543675568,5.8335872614
20131102 21:00,0.6382614207,4.2612886952,4.3088233875,0.7219315708,5.9391016846,5.9828182333
20131102 22:00,0.2991099112,4.9402697477,4.9493163083,0.2414568087,6.590011361,6.5944333441
20131102 23:00,-0.0878353069,4.881378534,4.8821687223,-0.2424704666,6.3624727349,6.3670912691
20131103 0:00,-0.3451860458,4.7843812408,4.7968174098,-0.5739117396,6.1374208697,6.1641957802
20131103 1:00,-0.093065646,4.3366375289,4.3376360234,-0.2476727826,5.46326301,5.468874155
20131103 2:00,0.9539600711,4.3142652208,4.4184753267,1.0501868853,5.3981994953,5.4994045391
20131103 3:00,1.9509785897,5.150030729,5.5071892983,2.3240227075,6.531499695,6.9326452247
20131103 4:00,1.8764142849,5.4589816498,5.7724701144,2.2542391555,6.974329943,7.3295888236
20131103 5:00,1.6781714626,5.3417933695,5.5991977872,2.0008447822,6.8402194331,7.1268493555
20131103 6:00,1.6754925055,5.3332705855,5.5902638823,1.9911208447,6.8873572856,7.1693969479
20131103 7:00,1.4785891617,5.3657636996,5.5657565513,1.7331505008,7.0227956223,7.2334963199
20131103 8:00,1.247305869,5.3892013556,5.5316600747,1.4711761826,7.2930083823,7.439914692
20131103 9:00,1.0704947031,4.8954125563,5.0110900018,1.2400896662,7.5751715837,7.6760046185
20131103 10:00,0.7481268704,4.384045515,4.4474204761,0.7842085929,7.4118488836,7.4532199076
20131103 11:00,-0.7378013115,3.8396526855,3.9098955895,-1.7102673929,6.7605498233,6.9735248238
20131103 12:00,-3.6641154053,3.4875551706,5.0585356351,-5.8566687735,5.6272496235,8.1219768189
20131103 13:00,-4.2092831667,3.0204000714,5.1808186002,-6.564228231,4.8232504777,8.1457251021
20131103 14:00,-4.7446280856,2.7780334007,5.4980874171,-7.405062833,4.4700485408,8.6496410051
20131103 15:00,-5.2996186896,2.6693679045,5.9339264627,-8.2481854202,4.3206680224,9.3113229396
20131103 16:00,-5.6831560418,2.5985222623,6.2490463707,-8.8436335975,4.2323675382,9.8042230791
20131103 17:00,-5.9510517477,2.5143597701,6.4604196425,-9.2875027479,4.1347722661,10.1663193431
20131103 18:00,-6.1814420547,2.4019655558,6.6317165506,-9.6718842802,3.9754330465,10.4570269885
20131103 19:00,-6.4020095192,2.1537394711,6.7545776769,-9.9973501908,3.6009858803,10.6261051259
20131103 20:00,-6.6833000104,1.734525032,6.9047140502,-10.3760117598,2.9603094346,10.7900441143
20131103 21:00,-7.0909479761,1.1789460485,7.1882860951,-10.4229154587,1.9730701862,10.6080239733
20131103 22:00,-7.6981782428,0.5487927049,7.7177147972,-10.5922263718,0.8185247572,10.6238054523
20131103 23:00,-7.2213238863,-0.0829586608,7.2218003857,-9.6427124675,-0.0757666131,9.6430101271
20131104 0:00,-6.4667509815,-0.3237273094,6.4748488498,-8.4495281276,-0.4143624549,8.4596821349
20131104 1:00,-6.113967087,-0.0119058411,6.1139786792,-7.8855449901,-0.0119315621,7.8855540169
20131104 2:00,-5.4235789239,0.0055335141,5.4235817467,-6.9051684437,-0.0107035012,6.9051767392
20131104 3:00,-4.8473958465,0.1179204698,4.8488299341,-6.1231365966,0.1292954492,6.1245015384
20131104 4:00,-4.2258991383,0.2157746295,4.2314042844,-5.28800102,0.234294662,5.2931889043
20131104 5:00,-3.9017040564,0.3533517649,3.9176717593,-4.8504625983,0.392714527,4.866334567
20131104 6:00,-3.8217604964,0.4482993654,3.8479638269,-4.7583253581,0.5228889896,4.7869690942
20131104 7:00,-3.8291285665,0.5122436677,3.8632394637,-4.8195988922,0.6186777451,4.8591455663
20131104 8:00,-3.9293343191,0.6536962154,3.9833386666,-5.1663617078,0.8532373901,5.2363448453
20131104 9:00,-3.1221622458,0.5330740087,3.1673435222,-5.8299313887,1.0263939866,5.9195932811
20131104 10:00,-3.4430416962,0.5543887761,3.4873891433,-7.0109220248,1.1903401259,7.1112542673
20131104 11:00,-3.993804932,0.5994404437,4.038540167,-7.8782829416,1.2578834792,7.978070754
20131104 12:00,-4.3795233987,0.3620714425,4.3944648058,-8.4206671884,0.8077991343,8.4593247567
20131104 13:00,-4.6502999728,-0.0540509495,4.6506140823,-8.8150871972,0.0599100045,8.8152907781
20131104 14:00,-4.8639740041,-0.5002077865,4.8896268715,-9.0760670648,-0.8169255269,9.112758127
20131104 15:00,-4.9803895108,-0.9497556093,5.0701395835,-9.1509569399,-1.7373572227,9.3144201664
20131104 16:00,-5.2161677522,-1.2917607417,5.3737372314,-9.3778959553,-2.3544578593,9.668940188
20131104 17:00,-5.4217369064,-1.5959806045,5.6517594758,-9.5776022889,-2.8812960147,10.0016164857
20131104 18:00,-5.2743755055,-1.7766717013,5.5655726846,-9.3225228356,-3.3240119938,9.8973980295
20131104 19:00,-4.9851787563,-1.9239373674,5.3435514619,-8.872275829,-3.7716402168,9.6406715695
20131104 20:00,-4.765610269,-2.0745940192,5.1975938261,-8.4624239672,-4.1597074828,9.4295167291
20131104 21:00,-5.1679068934,-2.6069787791,5.7882294368,-8.0625574221,-4.5852306083,9.2751912065
20131104 22:00,-5.3587399075,-3.2735496887,6.279508019,-7.3694856691,-4.7442645037,8.7645515977
20131104 23:00,-5.1373294027,-3.8383910264,6.4129087833,-6.7603813518,-5.1851383913,8.5198835766
20131105 0:00,-4.3301573294,-3.7226130849,5.7103511869,-5.5544274241,-4.8750529968,7.390386034
20131105 1:00,-3.5520364351,-2.3322396045,4.2492710444,-4.4113594214,-2.9845569999,5.326131094
20131105 2:00,-2.7252828956,-2.0737237358,3.4245433263,-3.3028162265,-2.609858845,4.209508073
20131105 3:00,-2.2049747797,-1.7555838366,2.8185081846,-2.6105244288,-2.1965888213,3.411721009
20131105 4:00,-1.9145861398,-1.3943579594,2.3685173011,-2.227134984,-1.7419917951,2.8274839789
20131105 5:00,-1.7410362232,-1.011806699,2.0136931064,-2.010246098,-1.2813334753,2.3838844035
20131105 6:00,-1.4520141181,-0.6941020118,1.6093857841,-1.6548988525,-0.8884514393,1.87830673
20131105 7:00,-1.400769064,-0.4429847453,1.469145825,-1.5961854975,-0.5881418887,1.7010934788
20131105 8:00,-2.0454318446,-0.3972874958,2.0836575498,-2.4961648344,-0.5600395271,2.558218746
20131105 9:00,-2.7286992325,-0.4325396597,2.7627685496,-5.6750110318,-1.0554125289,5.7723171965
20131105 10:00,-3.3644795371,-0.4734495783,3.3976281519,-7.0972763325,-1.358477213,7.2261187146
20131105 11:00,-3.2531069528,-0.7794035443,3.3451718538,-6.914563877,-2.1051183893,7.2279123571
20131105 12:00,-3.0665749559,-1.173270314,3.2833588275,-6.5359941851,-3.0512312304,7.2131291414
20131105 13:00,-2.9114732588,-1.6093526381,3.326663862,-6.0991492977,-4.0518957147,7.3223958537
20131105 14:00,-2.7208416576,-1.9779771177,3.3638330523,-5.6307569358,-4.8828439759,7.4530254906
20131105 15:00,-2.4526592078,-2.3152663404,3.372831958,-4.9301401103,-5.7005675962,7.5367600749
20131105 16:00,-2.0467983793,-2.4810820745,3.2163880154,-4.006938327,-6.2273491199,7.4050949904
20131105 17:00,-1.7150720625,-2.5990244994,3.1139043865,-3.1744355324,-6.5948839277,7.3191211883
20131105 18:00,-1.6914993376,-2.7165317125,3.2001116471,-2.9264373314,-6.8500092891,7.4489370191
20131105 19:00,-1.6525530965,-2.8984502868,3.3364570733,-2.7853500157,-7.1745640144,7.6962681546
20131105 20:00,-1.4602133267,-3.1016942443,3.4282255096,-2.3270353193,-7.480383832,7.8339795539
20131105 21:00,-1.3891535184,-3.8332854487,4.0772324963,-1.7889756184,-7.3624641186,7.5766952994
20131105 22:00,-1.0656264102,-4.0465392798,4.184499945,-1.281587073,-6.2069611321,6.3378886011
20131105 23:00,-0.6966620207,-4.595776698,4.6482794052,-0.7479089657,-6.0703065109,6.1162070728
20131106 0:00,-0.217349948,-4.6253711073,4.6304750166,-0.1458779974,-5.9143659552,5.9161647241
20131106 1:00,0.6984705879,-3.767047054,3.8312536681,0.9821831836,-4.6764888216,4.77851771
20131106 2:00,1.101751301,-3.0591463732,3.2514969571,1.4293571776,-3.7461054434,4.0095346282
20131106 3:00,1.6076931624,-2.3547501512,2.8512322913,1.9989212103,-2.8672736508,3.495274552
20131106 4:00,2.1201325648,-1.6944099829,2.7140352397,2.5933871123,-2.078657133,3.3236233527
20131106 5:00,2.4298486871,-1.2378290628,2.7269736762,2.9700941144,-1.5484122526,3.3494834754
20131106 6:00,2.5247127861,-0.9264328652,2.6893219417,3.1014912121,-1.1771180944,3.3173565903
20131106 7:00,2.5143167204,-0.6190417633,2.5894017215,3.1200351574,-0.8144158672,3.2245763424
20131106 8:00,2.0274343128,-0.3657194547,2.0601554825,2.9584379202,-0.6186425838,3.0224284233
20131106 9:00,2.0109738755,-0.4658468494,2.0642260571,2.348077208,-0.8966529204,2.5134544027
20131106 10:00,1.2000807552,-1.3765055046,1.8261876199,1.7287094366,-1.7300702209,2.4457267397
20131106 11:00,-0.1375463577,-2.8418699266,2.8451965978,0.9488040821,-3.1956081543,3.3334877624
20131106 12:00,-0.8999245049,-2.5254673592,2.6810165044,-0.2125767176,-5.8517422314,5.8556021043
20131106 13:00,-1.2092074579,-3.5617858948,3.7614493798,-1.0173839414,-8.1777006769,8.2407438041
20131106 14:00,-1.1277716103,-4.3102381705,4.4553363387,-1.2547464406,-9.0467131198,9.1333130299
20131106 15:00,-1.0688605717,-4.6466662168,4.7680152949,-1.3066694873,-9.4020508348,9.4924151326
20131106 16:00,-0.7123621539,-4.4699413651,4.5263490415,-0.5198763817,-9.1792743399,9.1939843844
20131106 17:00,0.1379493819,-3.6023374897,3.604977867,0.6208411647,-8.1083515201,8.1320851031
20131106 18:00,1.4968017955,-2.1069348492,2.5844902928,3.0342031822,-5.828421276,6.5709119247
20131106 19:00,1.6951933815,-1.4300736608,2.2178348171,4.0795518673,-4.2775777426,5.9110417679
20131106 20:00,2.1534866087,-0.987510576,2.3691098986,5.1598691349,-3.1759694551,6.0589629037
20131106 21:00,2.8482903293,0.1529404501,2.8523934829,5.3320629122,-0.3823644831,5.3457550915
20131106 22:00,1.8719264975,-0.3361818732,1.9018746183,2.9239991647,-0.8549206844,3.046417649
20131106 23:00,1.461715074,-0.6605946322,1.604056179,1.978787784,-0.9696843333,2.2036081322
20131107 0:00,1.2802170946,-2.4023106637,2.7221411305,1.6577126177,-3.1084614263,3.5228601394
20131107 1:00,3.5883837783,-0.0726190834,3.589118509,4.4405343946,-0.2937309986,4.4502386014
20131107 2:00,3.9141610411,1.3986137155,4.1565342512,4.9404042675,1.6393269011,5.2052845278
20131107 3:00,3.3514946664,0.7240464137,3.4288131632,4.1582299653,0.7479233236,4.2249574841
20131107 4:00,3.5708688716,1.7265634135,3.9663743796,4.430982741,2.1001800255,4.9035052962
20131107 5:00,3.9224806218,2.5287788285,4.66696653,4.9579156325,3.1733996302,5.8865433517
20131107 6:00,3.8559239767,4.0000116274,5.5559196119,4.8730120447,5.0837305265,7.0420566921
20131107 7:00,4.4448627113,5.5988925396,7.148734307,5.9942700505,7.725744671,9.7784663501
20131107 8:00,3.3133997445,5.5570158858,6.4698565225,4.4601683493,8.0767506123,9.2264295454
20131107 9:00,1.504109892,3.7729695288,4.0617293894,1.9777997022,5.5559471526,5.8974774628
20131107 10:00,0.4116175924,1.7018410516,1.7509117646,0.3290781575,2.6153254357,2.6359475656
20131107 11:00,-0.2881029266,0.1186008174,0.3115597057,0.9817744884,-1.1497814598,1.5119122168
20131107 12:00,-0.9041897665,-3.536272432,3.650038609,0.3041377286,-6.7759774109,6.7827995423
20131107 13:00,0.3183507147,-3.9066033217,3.9195531239,1.0974556267,-6.3858305193,6.4794475285
20131107 14:00,0.8249693883,-4.1074094445,4.1894375322,1.9841674713,-7.1004685149,7.3724876186
20131107 15:00,2.484944662,-0.9994553837,2.6784064361,4.4431876317,-2.4262814837,5.0624853747
20131107 16:00,4.9689962916,1.9944730898,5.3543297481,7.6541351911,3.2074901353,8.2990227432
20131107 17:00,5.4948813625,2.1745931547,5.9095326868,7.8016551749,3.865941928,8.7069702227
20131107 18:00,5.042996772,3.7285701851,6.2716865409,7.1792057471,6.3046756533,9.5545764036
20131107 19:00,4.4899635959,3.8668135962,5.9255396784,6.2654308839,6.6222223951,9.1164386474
20131107 20:00,4.4579988913,4.2477397839,6.1576819816,6.2537566406,6.788255781,9.2298368712
20131107 21:00,4.5928636722,4.0393655912,6.1164426827,6.3163730366,6.3640183844,8.9664540557
20131107 22:00,4.7986638248,4.6851742272,6.7065663378,6.5503885503,6.725125216,9.3880189248
20131107 23:00,4.8253740574,5.2356251818,7.1201127686,6.5705531524,7.3210777495,9.8371920863
20131108 0:00,4.5972423988,5.693745683,7.3180173255,6.1157883105,7.7465777574,9.8697686706
20131108 1:00,3.5999501216,6.1969101064,7.1666823388,4.6462014751,8.2632281035,9.4798801067
20131108 2:00,3.2079899596,6.3942565174,7.1538602161,4.1741463937,8.4504746513,9.4251801016
20131108 3:00,4.0906226094,5.8847805788,7.1668567582,5.3454108812,7.8133251353,9.4668615264
20131108 4:00,4.6400409691,5.8153065871,7.4396082489,6.1037750595,7.7244948618,9.8449931867
20131108 5:00,4.5880364268,5.9733850898,7.5320254703,6.0682821962,7.8855396742,9.9501650623
20131108 6:00,4.0968824154,5.7433154219,7.0547939418,5.4725936412,7.6580319233,9.412477575
20131108 7:00,3.6254708692,5.6209807844,6.6887565363,4.8124263846,7.6164925868,9.0094620834
20131108 8:00,3.1400951404,5.453337022,6.2927801619,4.1711886551,7.5410827143,8.6178154599
20131108 9:00,2.6234203814,4.9821221222,5.6306194453,3.6192746315,7.3276344311,8.1727214081
20131108 10:00,1.8862078408,4.5365823932,4.9130804826,2.691727805,7.3365813651,7.8147824476
20131108 11:00,1.3651993699,4.0996010544,4.3209371813,1.9091101702,6.9461116016,7.2036912776
20131108 12:00,1.0281328915,3.7356177504,3.8745189662,1.4045199642,6.533274503,6.6825408387
20131108 13:00,0.8234853868,3.4879278672,3.583820446,1.1075630083,6.3217434199,6.4180320726
20131108 14:00,0.3539999348,3.3892546616,3.4076917577,0.2894525102,6.1229936712,6.1298315029
20131108 15:00,-0.0740744928,2.825407773,2.8263786218,-0.5529114444,5.5126849573,5.5403435367
20131108 16:00,-0.2411631613,2.4372596023,2.4491619055,-0.9338681767,5.0346630537,5.1205411663
20131108 17:00,-0.4015105003,2.4725000328,2.5048886391,-1.1308535678,5.1445825289,5.2674053564
20131108 18:00,-0.5724513572,2.6411506647,2.702476159,-1.3059516932,5.2206314681,5.3814963301
20131108 19:00,-0.5743774514,2.3546963079,2.4237376424,-1.3846275401,4.9669219818,5.1563075352
20131108 20:00,-0.5849709693,2.2625677537,2.3369646714,-1.4289936191,4.6703950255,4.8841183911
20131108 21:00,-0.7809510503,2.9356599771,3.0377597081,-1.1994731034,4.0824536467,4.2550162753
20131108 22:00,-0.8276588337,3.9359847698,4.0220635565,-1.1255296383,5.1260495941,5.248161717
20131108 23:00,-0.3133916924,4.3820279335,4.3932201359,-0.4452497592,5.6404983006,5.6580445762
20131109 0:00,-0.0071427206,4.1252762253,4.1252824089,-0.0358987363,5.2449160033,5.245038856
20131109 1:00,0.8296733426,4.0330974556,4.1175518141,0.9964788733,5.0761360927,5.1730192128
20131109 2:00,1.5675891792,4.0131546867,4.308450577,1.9137168256,5.0287449851,5.3805750821
20131109 3:00,1.9875760347,4.2139421093,4.65915943,2.4565853206,5.2891173056,5.8317727416
20131109 4:00,2.3236723861,4.5284939631,5.0898635474,2.8755381808,5.737381429,6.4176526465
20131109 5:00,2.4855757159,4.6776114845,5.2969930942,3.0623950903,5.9888330704,6.7263946683
20131109 6:00,2.3092453567,4.8203835795,5.3449707175,2.8506239262,6.2402847117,6.8605546461
20131109 7:00,2.0153614247,5.0402072814,5.4282014619,2.4860890431,6.6026872991,7.0552192241
20131109 8:00,1.476217993,5.4911858038,5.6861534533,1.8645439546,7.344218747,7.5772074779
20131109 9:00,1.3207266763,5.2903983812,5.452763885,1.8081590626,7.8671935577,8.0723090668
20131109 10:00,1.0396667704,4.3490090436,4.4715530473,1.4436241795,7.2438611074,7.386309939
20131109 11:00,0.5913601905,3.9773483518,4.0210703533,0.7289784554,6.9862764992,7.0242059275
20131109 12:00,0.1649613219,3.7099339516,3.7135996234,-0.0164822678,6.6835309532,6.6835512766
20131109 13:00,-0.8411903945,3.5961695203,3.6932420038,-1.8955415753,6.3724222705,6.6483714891
20131109 14:00,-2.5035047808,3.6505588899,4.426524189,-4.1686394885,5.9949660372,7.3018609253
20131109 15:00,-2.5815176064,3.3695471473,4.2447710339,-4.2040439556,5.5076739428,6.9288135955
20131109 16:00,-2.4602236926,3.0377719932,3.9090611789,-4.2886212936,5.3398536678,6.8488181311
20131109 17:00,-2.2651916287,3.0296135877,3.7828100145,-4.0794726826,5.4563800382,6.8127953506
20131109 18:00,-2.1925221473,3.06134072,3.7654960324,-4.0237434289,5.5952081063,6.8917969307
20131109 19:00,-2.1930564817,3.0137500216,3.72722228,-4.1011087458,5.5611980173,6.9098492265
20131109 20:00,-2.4067902505,2.9670658128,3.8204867291,-4.3843444823,5.4022984213,6.9575358262
20131109 21:00,-2.881279217,3.1497234454,4.2687852733,-4.2512499117,4.6468284123,6.2981060729
20131109 22:00,-3.5299612052,3.4271092301,4.9199292459,-4.7174087281,4.539222721,6.5466394446
20131109 23:00,-3.5737766277,3.3396329941,4.8913216946,-4.6157847948,4.3039398104,6.3110511932
20131110 0:00,-3.0950129858,3.3659211893,4.5725846996,-3.9391660909,4.264354297,5.8053205822
20131110 1:00,-2.6473749269,4.1678572039,4.9375730552,-3.3769699168,5.2785823821,6.2663671919
20131110 2:00,-2.1802450329,4.3414861552,4.8581859206,-2.786362235,5.4746754961,6.1429541991
20131110 3:00,-1.739943545,4.3660100184,4.699941172,-2.2454074114,5.4826169618,5.9246048976
20131110 4:00,-1.4269454742,4.4807816981,4.7025076302,-1.8553711436,5.6402245113,5.937552915
20131110 5:00,-1.2196828861,4.7397536933,4.8941691241,-1.6201733942,5.9939251748,6.209033808
20131110 6:00,-0.9898002694,4.9771446889,5.074610707,-1.3732157574,6.3580108319,6.5046155348
20131110 7:00,-0.8972159661,5.079654437,5.1582832114,-1.2889365638,6.5938112743,6.7186088282
20131110 8:00,-1.1923284329,4.7946871468,4.9407157303,-1.6659062899,6.4435343084,6.655402178
20131110 9:00,-0.6983701329,3.8416898235,3.9046512703,-1.3229095721,6.1026621664,6.2444035146
20131110 10:00,0.6725088127,3.4115412633,3.4771945437,0.6952177832,6.2688220636,6.3072543813
20131110 11:00,-0.7062608405,3.8662136867,3.9301924439,-1.8396912937,6.6512341799,6.9009695096
20131110 12:00,-2.4169662629,4.183061999,4.8311213609,-4.0231104006,6.674447695,7.7931809506
20131110 13:00,-2.2644125814,3.6386322364,4.28569818,-4.0897497629,6.2413323747,7.4619222011
20131110 14:00,-2.3959243758,3.1452121092,3.9538352048,-4.4673728161,5.5718057301,7.1415991887
20131110 15:00,-2.3790908661,2.8107066154,3.6824102198,-4.586278345,5.1900044958,6.9260447388
20131110 16:00,-2.2549437322,2.5841061196,3.4296320025,-4.5078790952,4.9835263882,6.7198593139
20131110 17:00,-2.0613583707,2.3604484873,3.1338339768,-4.306654354,4.7526130017,6.4136262807
20131110 18:00,-1.8425227447,2.060276402,2.7639878649,-4.0936697254,4.4050211579,6.0135133842
20131110 19:00,-1.668927176,1.8047377476,2.4581286086,-3.8976716009,4.1038563442,5.6598127887
20131110 20:00,-1.7778189418,1.8743855191,2.583401104,-3.8989782551,4.1441745546,5.6900100327
20131110 21:00,-2.1076505224,2.12158606,2.9905381011,-3.5115552956,3.596213423,5.026307947
20131110 22:00,-2.2638865342,2.3163055336,3.2388969673,-2.962760547,3.0128211369,4.2255226023
20131110 23:00,-2.1965524954,3.3497411281,4.0056970043,-2.7844022537,4.2284762671,5.0628951651
20131111 0:00,-2.0923951542,3.6386322364,4.1973517881,-2.6360970062,4.5968380981,5.2990497191
20131111 1:00,-1.4703334277,3.5150991244,3.8102233849,-1.830265594,4.3844266783,4.7511124425
20131111 2:00,-0.7748791418,3.7426104608,3.8219851839,-1.0042318048,4.6598351959,4.7668171321
20131111 3:00,-0.2259391015,4.1430304129,4.1491866046,-0.3531228181,5.1810316354,5.1930515626
20131111 4:00,-0.0828435216,4.4114937898,4.4122715813,-0.191560327,5.5364787841,5.5397917547
20131111 5:00,-0.0774713326,4.527271781,4.5279345829,-0.2037078827,5.7116814566,5.7153129366
20131111 6:00,-0.2430324302,4.5823800825,4.5888203258,-0.4168974856,5.8276429377,5.8425358983
20131111 7:00,-0.4339893303,4.6850129743,4.7050710205,-0.6513453111,6.0677588307,6.1026181219
20131111 8:00,-1.0640005865,4.2866153452,4.4166920162,-1.5180734119,6.048221842,6.2358266761
20131111 9:00,-0.9047884396,3.0474369329,3.1789171082,-1.600069413,5.0808257904,5.3268201432
20131111 10:00,-0.1101928474,2.7203261893,2.7225570774,-1.1281368732,5.7135721329,5.8238818088
20131111 11:00,-1.7877809599,3.2633199121,3.7209431075,-3.7981696211,5.9984340322,7.0998100896
20131111 12:00,-2.5887255027,2.9705886593,3.94029145,-4.6169148768,5.3140092035,7.0395025957
20131111 13:00,-1.9264811124,2.4038326413,3.0805422971,-3.880773,4.8646584642,6.2229656154
20131111 14:00,-1.5391951231,2.102000935,2.6052887667,-3.4203806381,4.547024842,5.6898540072
20131111 15:00,-1.1611883694,1.7379827968,2.0902015767,-3.0012899657,4.0661628307,5.0538521569
20131111 16:00,-0.8041819909,1.7127037594,1.8921053993,-2.4467540469,4.0163750208,4.7029643497
20131111 17:00,-0.5287352091,1.7951134213,1.8713613004,-1.9553854179,4.2142658092,4.6458119251
20131111 18:00,-0.3900350566,1.8380877848,1.8790141165,-1.5569455902,4.402703216,4.6698902749
20131111 19:00,-0.359267065,1.8173589741,1.8525297474,-1.3504371429,4.4770698181,4.6763056608
20131111 20:00,-0.2625676629,1.7890464523,1.8082115435,-1.0995901172,4.3352690939,4.4725447502
20131111 21:00,-0.0227726809,2.1429529756,2.1430739722,-0.5687419322,3.8147028798,3.8568673099
20131111 22:00,0.0968806197,2.5388227009,2.5406704944,-0.0518634361,3.2682974226,3.2687088978
20131111 23:00,0.6023547671,3.3401681858,3.3940469612,0.6186816398,4.1985101732,4.2438490367
20131112 0:00,1.225040311,3.6526170878,3.8525751587,1.4271014731,4.6100473861,4.8258839104
20131112 1:00,1.9134045415,3.6489524288,4.1201906226,2.3156894865,4.5839415019,5.1356535602
20131112 2:00,2.2765752792,3.5699205971,4.2340439383,2.7677736011,4.4783393213,5.2646076571
20131112 3:00,2.6496657032,3.6589705483,4.5176093027,3.2629459142,4.5923896764,5.6335476371
20131112 4:00,2.8800228631,3.62390713,4.6289561003,3.5679830022,4.5600050077,5.7900041773
20131112 5:00,3.0894384629,3.6188980703,4.7582615795,3.8566055383,4.5846455165,5.9910250199
20131112 6:00,3.1654893913,3.8187038982,4.9601232392,3.9968131684,4.903564102,6.3260932972
20131112 7:00,3.0200006588,4.1604330857,5.1409733942,3.8504500814,5.4245348598,6.6521834216
20131112 8:00,2.7224100695,4.6958459171,5.4279356539,3.5727705798,6.3334176279,7.2716482633
20131112 9:00,2.112900455,4.9874845071,5.4165810288,3.048872801,7.7428547321,8.3215037559
20131112 10:00,1.5430695859,4.6374068866,4.8873925951,2.326632521,7.9125222357,8.2474982278
20131112 11:00,1.4945733417,3.9394778944,4.2134588588,2.2240415722,7.1261379972,7.4651325286
20131112 12:00,0.9390709083,3.6094365129,3.7295959717,1.2186502734,6.832563935,6.9403918056
20131112 13:00,0.109674914,3.2476710864,3.2495224375,-0.2114675537,6.3517220058,6.3552412201
20131112 14:00,-0.15870771,2.8808966,2.8852648678,-0.5985774007,5.8990406582,5.9293317997
20131112 15:00,-0.1548500542,2.5976064429,2.6022178563,-0.59994528,5.6096906832,5.6416809463
20131112 16:00,-0.2121637974,2.3326828382,2.3423114013,-0.7510959447,5.2358589637,5.2894578367
20131112 17:00,-0.5163675109,2.1545829359,2.215595413,-1.3844240689,4.8993400148,5.0911847917
20131112 18:00,-0.8712718433,1.9536639836,2.1391394498,-2.2195143926,4.454402827,4.9767407693
20131112 19:00,-1.1335924369,1.6559032094,2.0067504209,-2.8289046288,3.7764368273,4.7184930338
20131112 20:00,-1.2730191389,1.2785540414,1.8042389434,-2.9479101295,2.7985606346,4.0647405522
20131112 21:00,-2.2765607373,1.4638892522,2.7066031356,-2.8535264565,1.8720775031,3.4128122444
20131112 22:00,-1.7425509576,1.0153001233,2.0167593263,-2.1962604442,1.2412804774,2.5227637944
20131112 23:00,-0.8244288802,0.9184583014,1.2341995908,-1.0356148428,1.1068137007,1.5157620759
20131113 0:00,0.0512589835,0.9646529636,0.9660138837,0.023807689,1.1476465439,1.1478934601
20131113 1:00,0.2106665645,0.3754633998,0.4305266148,0.2408162471,0.4451950153,0.5061532046
20131113 2:00,0.7565302901,0.7813201933,1.0875657793,0.8744367333,0.9256274811,1.2733522036
20131113 3:00,1.3137661765,1.3060287593,1.8524828439,1.5176575299,1.5602123142,2.1765906467
20131113 4:00,1.9453272578,1.6947180746,2.5799937,2.2866929206,2.0428236121,3.0662832262
20131113 5:00,2.2832428974,2.1010150598,3.1028152394,2.7262860809,2.5499467705,3.7329431187
20131113 6:00,2.2982703958,2.5927092446,3.4647060538,2.7672137199,3.1921575157,4.2246113877
20131113 7:00,2.038741437,3.0566713491,3.6741946578,2.480214967,3.8185717286,4.5533456193
20131113 8:00,1.7560620077,3.4343558706,3.8572728735,2.1815947857,4.4319129492,4.9397579089
20131113 9:00,1.4421091358,3.5769779976,3.8567408981,2.0896339177,5.7697158247,6.136464015
20131113 10:00,0.7374413056,4.6325578141,4.6908860123,0.9219330058,7.8902641123,7.9439428641
20131113 11:00,0.0993818467,4.5066629736,4.5077586347,-0.0916576603,7.6985268923,7.6990725051
20131113 12:00,-0.2088849447,3.7094757143,3.715352338,-0.6176536142,6.758905573,6.7870686259
20131113 13:00,-1.1653649102,3.0082502566,3.2260881854,-2.3153927159,5.7599110805,6.207867515
20131113 14:00,-2.7485321737,1.9839240543,3.3897468583,-5.1100936003,3.8441730051,6.3945854203
20131113 15:00,-3.6688649133,1.4781437336,3.955436594,-6.2398985502,2.7346027863,6.8128104564
20131113 16:00,-3.7440024052,1.1259903336,3.9096557702,-6.2853737047,2.1866265271,6.6548672546
20131113 17:00,-3.666021873,0.6695114888,3.7266556062,-6.2681942019,1.4948473528,6.4439760366
20131113 18:00,-3.5551433038,0.3248413486,3.5699531947,-6.2232243269,0.9490499256,6.2951740868
20131113 19:00,-3.6038811364,0.0087836721,3.6038918405,-6.3384280516,0.3623993976,6.348779685
20131113 20:00,-3.7273503124,-0.1893026154,3.7321543151,-6.3743028957,-0.10114712,6.3751053439
20131113 21:00,-3.9312369123,-0.3935515874,3.9508868008,-5.5764665738,-0.4780850637,5.5969227953
20131113 22:00,-3.7009506531,-0.6435805014,3.7564919271,-4.7771144134,-0.8506653434,4.8522627346
20131113 23:00,-2.8045806812,-0.9966142849,2.9763925867,-3.4088175421,-1.3109436128,3.6522062088
20131114 0:00,-1.6117222274,-1.0564803629,1.9271220241,-1.8116290598,-1.365959122,2.2688861085
20131114 1:00,0.7463363062,-1.1916639257,1.4060870506,1.0897253233,-1.4290306326,1.7971170883
20131114 2:00,2.7639202475,-0.1248885692,2.7667403726,3.429122173,-0.2208223473,3.4362248743
20131114 3:00,3.9823794754,0.9329660178,4.0902043807,4.943667967,1.0803973067,5.0603469553
20131114 4:00,4.4169550283,1.518763217,4.6707743931,5.5235481972,1.8437481868,5.8231427994
20131114 5:00,4.1759818544,1.7666862703,4.5343141516,5.2343534294,2.1674089599,5.6653435398
20131114 6:00,3.5857005584,1.8532920745,4.0363275397,4.4855278023,2.2918938727,5.037135812
20131114 7:00,3.026725179,1.9733507644,3.613195061,3.8057710286,2.4403362592,4.5209660671
20131114 8:00,2.528302033,1.9778111492,3.2099919177,3.2060148694,2.5615328912,4.1036547242
20131114 9:00,1.7736646748,1.2738137536,2.1836867581,3.5329739024,3.008269314,4.6402143119
20131114 10:00,1.0635146718,2.1647756106,2.4119114622,2.2544547659,5.0596867252,5.5392234157
20131114 11:00,-2.0728438681,2.2532399085,3.0616616055,-4.3021173309,4.8088378821,6.4523743929
20131114 12:00,-4.6872998247,1.1797739748,4.8334921411,-8.5923366173,2.3041074867,8.8959069159
20131114 13:00,-5.1375283359,1.4618933113,5.3414725924,-8.8214066997,2.7080962602,9.2277300305
20131114 14:00,-5.2269149662,1.1667645192,5.3555559475,-8.8437671199,2.156604609,9.1029204275
20131114 15:00,-5.1758368917,0.5846843073,5.2087564033,-8.6723372318,1.1489814473,8.7481193081
20131114 16:00,-4.7041885429,0.1178307018,4.7056640255,-7.9910897634,0.3842213041,8.0003213447
20131114 17:00,-4.2910328277,-0.5988044506,4.332612318,-7.1513317609,-0.8817667709,7.2054880884
20131114 18:00,-4.6675276668,0.3884273776,4.683662066,-7.6288509564,0.3809330234,7.63835564
20131114 19:00,-4.7507354978,0.542310652,4.7815885031,-7.6760562879,0.8403528146,7.7219189965
20131114 20:00,-4.7589738969,0.3178046188,4.7695736002,-7.5309620058,0.4509264271,7.5444498392
20131114 21:00,-5.1573004937,0.3839669928,5.171574135,-8.005499812,0.6374189191,8.0308362029
20131114 22:00,-5.4695358199,0.1665232355,5.4720701817,-7.500651214,0.1855151981,7.5029450566
20131114 23:00,-5.7895976252,0.318919715,5.7983748108,-7.6204036866,0.309060602,7.6266683947
20131115 0:00,-5.5667489293,0.2798913483,5.5737808361,-7.175679774,0.2503413036,7.1800453332
20131115 1:00,-4.5244393054,-0.2205564955,4.5298119383,-5.7025554042,-0.3756249335,5.7149131427
20131115 2:00,-3.1956856555,-0.0996063267,3.1972375935,-3.8961606153,-0.1820193468,3.9004100531
20131115 3:00,-1.3771605563,-0.241680187,1.398206176,-1.5839254079,-0.3934962184,1.6320719873
20131115 4:00,-0.1943608208,-0.4815362964,0.519281555,-0.2285058482,-0.5841232575,0.6272279511
20131115 5:00,-0.3028992975,-0.2454279387,0.3898497884,-0.3531994599,-0.2956296581,0.4605939136
20131115 6:00,0.1757486434,0.0673389767,0.1882076604,0.1904646873,0.005203638,0.1905357577
20131115 7:00,0.1352995216,0.774301231,0.7860333052,0.1455749871,0.8740884905,0.8861279626
20131115 8:00,-1.1466005622,1.2751371412,1.7148374787,-1.3769340124,1.5119231594,2.0449593919
20131115 9:00,-1.4226658183,0.5289938464,1.517831519,-2.3129673913,0.9362124809,2.4952578951
20131115 10:00,-1.5524400839,-0.0239698831,1.552625122,-3.1920573542,0.2051918264,3.1986456256
20131115 11:00,-1.9013137591,0.0281579361,1.9015222534,-4.1763055963,0.3268867665,4.1890790625
20131115 12:00,-2.7561385324,0.3484203549,2.7780742167,-5.9843629668,0.8421754817,6.0433318344
20131115 13:00,-4.0400610723,1.691137581,4.3797305609,-7.666064144,3.1867178603,8.3020304854
20131115 14:00,-5.2012879429,2.9098382959,5.9599123461,-8.652390613,4.9402313162,9.963420536
20131115 15:00,-5.2673548418,2.6601017502,5.9009463945,-8.7247129078,4.619824708,9.8723551221
20131115 16:00,-5.2525234971,2.3234855058,5.7434822176,-8.7184782272,4.1087910607,9.638154729
20131115 17:00,-5.1729735577,1.9374670797,5.5238966422,-8.6536375491,3.5203151788,9.3422728385
20131115 18:00,-5.0876933259,1.7316814404,5.374322654,-8.5459853976,3.1888453942,9.1215459964
20131115 19:00,-5.0536486485,1.7476945613,5.3473171724,-8.4873794001,3.2084187063,9.0735637804
20131115 20:00,-5.0961202263,1.727592984,5.3809867942,-8.4350080832,3.1428906616,9.0015067113
20131115 21:00,-5.157468061,1.3337383498,5.3271319475,-7.8743024757,2.3071953382,8.2053512909
20131115 22:00,-5.3964549554,0.987241669,5.4860160589,-7.284501692,1.3804415632,7.4141475444
20131115 23:00,-5.1042100507,0.6410856929,5.1443125009,-6.6232099044,0.8391969342,6.6761636388
20131116 0:00,-4.5291583696,0.8097345199,4.6009722374,-5.7183499284,1.0396106294,5.8120836336
20131116 1:00,-3.163498303,0.5721293135,3.2148177964,-3.8644907375,0.7213135006,3.9312315915
20131116 2:00,-2.2826044262,1.301173999,2.6274201686,-2.7475368544,1.5887196848,3.173797253
20131116 3:00,-1.724388977,2.0858103272,2.706311524,-2.0528353412,2.5386913035,3.264825642
20131116 4:00,-1.3546760669,2.6409325877,2.9681091926,-1.6152522318,3.2161031639,3.5989386398
20131116 5:00,-1.2762852624,3.2774568965,3.5171903246,-1.5530532312,4.0192396633,4.3088585275
20131116 6:00,-1.5384386968,3.7726195995,4.074242539,-1.9183628541,4.6966515238,5.0733274659
20131116 7:00,-2.086445111,3.9397916107,4.4581623049,-2.6446018887,5.0123704864,5.6672548066
20131116 8:00,-2.7864932249,3.7249696201,4.6518752308,-3.6634390385,4.920891738,6.1348154891
20131116 9:00,-3.0891181909,2.7457625425,4.1330210666,-4.9017247748,4.3893767533,6.579782219
20131116 10:00,-3.2502751004,1.8666204217,3.7481408761,-6.0922662078,3.6636453488,7.1090087064
20131116 11:00,-3.3512716252,1.7574225522,3.7841188582,-6.4194679924,3.6340906762,7.3767326336
20131116 12:00,-3.3075186181,2.6599925795,4.2444363503,-6.0554724328,4.9842231792,7.8429093508
20131116 13:00,-3.2105327856,2.6179017643,4.1425753361,-5.9363306853,4.7998583169,7.6340462317
20131116 14:00,-3.1292251141,2.2748219123,3.8687032126,-5.9827609251,4.3236997031,7.3815856975
20131116 15:00,-2.9432748338,1.9535816342,3.5326120575,-5.8386519732,3.8991444858,7.0209105239
20131116 16:00,-2.6712769728,1.7073900738,3.170315683,-5.579781485,3.5876476193,6.6336397897
20131116 17:00,-2.5651759306,1.5807205451,3.0131055402,-5.4553834839,3.4553552753,6.4576070672
20131116 18:00,-2.6136688468,1.5775438798,3.0528526878,-5.4908631955,3.4933541401,6.5079260736
20131116 19:00,-2.7361772667,1.4314172762,3.0879801576,-5.6538070561,3.2860023102,6.5393688847
20131116 20:00,-2.9337950156,1.3095127454,3.2127833453,-5.7755769304,2.9782584179,6.4982545412
20131116 21:00,-3.4934688983,1.3734431345,3.7537542524,-5.5889799287,2.5630856364,6.1486668981
20131116 22:00,-3.9485001724,1.3381027331,4.1690733426,-5.2131577987,1.8575264687,5.5342044429
20131116 23:00,-4.0998126554,1.1725190545,4.264183948,-5.2280505171,1.5436839932,5.4511900059
20131117 0:00,-3.7268182697,1.1205011603,3.8916188489,-4.6297136527,1.4540817319,4.8526902012
20131117 1:00,-2.8218132995,1.208121742,3.0695583462,-3.4159110071,1.5238557926,3.740398974
20131117 2:00,-2.7213907368,1.2115415788,2.9788925022,-3.2787052187,1.5151498388,3.6118675149
20131117 3:00,-2.605518549,1.0123360831,2.7952730197,-3.1379022749,1.2560196846,3.3799432147
20131117 4:00,-2.3669076734,0.9041837432,2.5337324594,-2.8496159556,1.1049457804,3.0563403397
20131117 5:00,-2.2201362356,0.8763975689,2.3868551702,-2.6548556792,1.078827919,2.8656811331
20131117 6:00,-2.3025342358,0.8738326913,2.4627723158,-2.7571176713,1.0772915742,2.960110638
20131117 7:00,-2.4458724236,0.9229928458,2.6142317621,-2.9693498458,1.1361847911,3.1793009273
20131117 8:00,-2.596935424,0.9700156023,2.7721839522,-3.2453030605,1.2293897083,3.4703589165
20131117 9:00,-1.9995499226,0.4296813822,2.04519583,-4.1122175359,0.9902320363,4.2297627059
20131117 10:00,-2.4935087675,0.0620489224,2.4942806663,-5.6718413847,0.2922193875,5.6793641249
20131117 11:00,-2.8776036122,0.0971022499,2.8792414619,-6.4914789593,0.2594440321,6.4966614722
20131117 12:00,-2.7758935807,0.2334682438,2.7856942747,-6.406174986,0.289146698,6.4126970741
20131117 13:00,-2.5853482052,0.2651017345,2.5989044368,-6.1631100501,0.1298789549,6.1644784072
20131117 14:00,-2.516683205,0.0188734823,2.5167539735,-6.068042369,-0.5194827755,6.0902381354
20131117 15:00,-2.3351501109,-0.068332357,2.3361496851,-5.6728691434,-0.7903915731,5.727666467
20131117 16:00,-2.1802247042,0.1411326492,2.184787904,-5.2098638427,-0.682335323,5.2543565498
20131117 17:00,-2.0283033914,0.0385375441,2.0286694629,-4.5783061128,-1.3588391447,4.7757021142
20131117 18:00,-2.0523361414,-0.297461425,2.0737808314,-4.0032751122,-2.3677055556,4.6510473253
20131117 19:00,-2.2797889545,-0.8232613385,2.4238805475,-3.148179862,-3.2838791642,4.5491646276
20131117 20:00,-1.9742297037,-1.3182827205,2.3739107511,-2.4087074672,-4.0587090523,4.7196388457
20131117 21:00,-1.8098628596,-2.1809365623,2.8340938339,-1.8485789679,-4.5231972932,4.8863644926
20131117 22:00,-1.237797577,-2.7918049171,3.0539020182,-1.488863418,-4.0151792833,4.282333354
20131117 23:00,-0.4030886687,-3.9306105834,3.9512251306,-0.3542177975,-5.0353122226,5.0477558803
20131118 0:00,0.2908569892,-3.4449937527,3.4572503155,0.4977941765,-4.2932576899,4.3220204343
20131118 1:00,1.1850354124,-3.0517398605,3.2737478682,1.5444585801,-3.7722116957,4.0761419729
20131118 2:00,1.5197616154,-2.6294342685,3.0370380208,1.9109104902,-3.2300818836,3.7529998503
20131118 3:00,1.7339547701,-2.2886037957,2.8712900373,2.1284300732,-2.8315978509,3.5423383472
20131118 4:00,1.9928044312,-1.9290041855,2.7735043985,2.4164965481,-2.4214093473,3.4209178292
20131118 5:00,2.169059315,-1.5297334439,2.6542235628,2.6109904095,-1.9755754095,3.2741669348
20131118 6:00,2.3216027794,-0.994386456,2.5255977291,2.7951961825,-1.3669429217,3.1115357381
20131118 7:00,2.5563458309,-0.214187539,2.5653031612,3.1204957391,-0.436969505,3.1509420823
20131118 8:00,2.6942672533,0.793800455,2.8087711183,3.4560833841,0.8595666601,3.5613715337
20131118 9:00,2.0896260602,1.796243022,2.7555446042,4.3531067096,3.5085012378,5.5909855089
20131118 10:00,1.4845896767,2.2804014533,2.7210728208,4.111091678,4.5549873423,6.1358768301
20131118 11:00,0.0729698454,2.6442667765,2.6452734044,2.1637035191,2.7578190347,3.5053072258
20131118 12:00,-0.3522549415,0.1624749234,0.3879196367,0.8291914827,-0.0363573867,0.8299881774
20131118 13:00,-1.6816751858,-2.207981819,2.7754666533,-1.1446517606,-2.9571549026,3.1709608592
20131118 14:00,-1.2513129247,-2.2067021051,2.5367928998,-2.0519631744,-5.3932809181,5.7704446909
20131118 15:00,-0.9371366185,-2.4916517369,2.6620581173,-1.2024610191,-6.356239662,6.4689794514
20131118 16:00,-0.7185963702,-3.0150547283,3.099505728,-0.517568278,-7.2872771215,7.3056337691
20131118 17:00,-0.6427198284,-3.3153609271,3.3770855563,-0.3901919455,-7.6873572184,7.6972534555
20131118 18:00,-0.5715855703,-3.4057940437,3.453424841,-0.2299917121,-7.7740767075,7.7774780515
20131118 19:00,-0.5802797574,-3.4348008925,3.4834726593,-0.1858999047,-7.8097221416,7.8119343766
20131118 20:00,-0.5312761575,-3.4565560291,3.4971465422,-0.0276593072,-7.7565200011,7.7565693167
20131118 21:00,-0.3751759801,-3.9773995926,3.9950550103,0.2471796254,-7.4835930201,7.4876740219
20131118 22:00,0.0599285647,-4.2154263808,4.2158523462,0.5078111979,-6.516378105,6.5361346238
20131118 23:00,1.126942435,-4.9469961691,5.0737333738,1.6248036513,-6.5296786401,6.7287955868
20131119 0:00,2.7733053178,-5.0561984232,5.7668331761,3.7137755027,-6.5115899124,7.4961944793
20131119 1:00,3.2766046196,-4.1291740247,5.2712632224,4.1925597451,-5.271027373,6.7350788253
20131119 2:00,3.3467671117,-3.4632752049,4.8161317719,4.2221279134,-4.360103376,6.069338149
20131119 3:00,3.3067357511,-2.8664709449,4.3762034923,4.1383514365,-3.598905339,5.484347933
20131119 4:00,3.1263794065,-2.9381565507,4.2903393933,3.9505388117,-3.6754076542,5.3958667819
20131119 5:00,3.1431667512,-2.7377823273,4.1683269183,3.9445156663,-3.5120205666,5.2814290019
20131119 6:00,2.8784432382,-2.8729485599,4.0668499977,3.6554046871,-3.6814185504,5.187950074
20131119 7:00,2.8207636435,-2.9109505678,4.0534356712,3.6378828096,-3.8355160712,5.2863385125
20131119 8:00,2.2827077228,-2.5646140869,3.4333656902,3.1582214123,-3.5387963769,4.7431468759
20131119 9:00,1.5113507548,1.2848165743,1.9836669916,3.1784810832,2.1813910259,3.8550238397
20131119 10:00,-0.0524549732,4.4519384577,4.4522474724,-1.067288865,7.692289952,7.7659790257
20131119 11:00,-0.4506163545,3.8542705157,3.8805226848,-1.5869220454,6.9327312502,7.1120379756
20131119 12:00,-0.1226174652,3.8352695118,3.8372291137,-0.9440881636,6.6354651108,6.7022906307
20131119 13:00,-2.9420304899,3.6076893055,4.6552084302,-4.8941764285,5.6616999263,7.483836514
20131119 14:00,-3.6346160711,3.3399478864,4.9361610456,-5.7423448125,4.984654436,7.6040320747
20131119 15:00,-0.98910272,3.4945469639,3.6318291085,-2.0819150855,5.339843757,5.7313438016
20131119 16:00,0.5630810001,4.1284895498,4.1667116742,0.5480092195,6.25568576,6.2796431771
20131119 17:00,1.1790474182,3.9406387154,4.1132452273,1.1727736651,6.7627868213,6.8637222889
20131119 18:00,0.9728643894,3.5571639087,3.6878015393,0.8677834844,5.9190755727,5.9823493555
20131119 19:00,-0.6068677939,2.9728830376,3.0341921618,-1.0656461889,5.0043264599,5.1165305743
20131119 20:00,-1.8319135142,2.9029247959,3.4326199169,-3.0795669872,4.9917582224,5.8652692163
20131119 21:00,-0.8802002016,2.8230342111,2.9570719559,-1.6038963642,3.9524196248,4.265454775
20131119 22:00,1.7722002652,3.0164989785,3.4985654013,2.1704255667,3.9480480639,4.5053113828
20131119 23:00,1.5664476811,3.3965190572,3.7403342155,1.858864682,4.2655326723,4.6529718336
20131120 0:00,2.0020577546,3.7350824001,4.237814978,2.4502280485,4.6879347417,5.289645511
20131120 1:00,-0.441772145,2.2674626833,2.3100973244,-0.4362195258,2.7137285235,2.7485650755
20131120 2:00,0.4743267117,2.2576606825,2.3069498449,0.6360965242,2.6676672065,2.7424564013
20131120 3:00,1.7357372159,2.8084397722,3.3015326194,2.0916859347,3.3533394694,3.9522190788
20131120 4:00,2.7102926997,3.633208121,4.5327571928,3.2606165992,4.5182826506,5.5719385063
20131120 5:00,2.2639345968,4.4047656085,4.9525104669,2.7409149096,5.5543707553,6.1938396031
20131120 6:00,1.2417787166,4.7328992526,4.8930920404,1.5056280539,5.9904956299,6.1768077296
20131120 7:00,0.9824818205,4.8509900235,4.9494822695,1.1844640884,6.2382938542,6.349745301
20131120 8:00,1.8284327246,4.8024467817,5.1387412194,2.1245986056,6.3403284171,6.6868291193
20131120 9:00,3.1445419299,5.5875403655,6.4116106623,4.1184694392,8.0848279157,9.0733804587
20131120 10:00,2.828458596,5.3835653975,6.0813612308,3.8344649408,8.3967621509,9.2308578151
20131120 11:00,1.4923071186,5.0222916557,5.2393123605,1.9419863674,7.8224533254,8.0599061458
20131120 12:00,0.9845695572,4.431837801,4.5398858474,1.1844640884,6.9950987837,7.0946713927
20131120 13:00,0.9954257879,3.8185126113,3.9461260829,1.2157842107,6.3181723406,6.4340836933
20131120 14:00,0.6597177292,3.7251602232,3.7831265074,0.7417355806,6.2231344334,6.2671822893
20131120 15:00,0.1452994104,3.6924868874,3.6953445485,-0.0476376701,6.016733089,6.0169216724
20131120 16:00,-0.0847691721,3.4479036306,3.4489455285,-0.3162475321,5.2202804435,5.2298508976
20131120 17:00,-0.1269414531,2.8056392006,2.8085094724,-0.4707247452,4.5550150933,4.579273336
20131120 18:00,-0.5282044437,2.8140409155,2.863184627,-0.9171691997,4.1375479673,4.2379833084
20131120 19:00,-0.6902128103,2.8084397722,2.8920110093,-1.1082750304,4.1019816339,4.2490618809
20131120 20:00,-0.5795627661,3.1225705581,3.1758998552,-0.9707850022,4.481550208,4.5854896998
20131120 21:00,-0.5970997542,3.7723031792,3.8192668658,-0.8370109208,4.9444955963,5.0148403747
20131120 22:00,-0.5290395384,3.5599264963,3.5990220189,-0.7223474223,4.5334420714,4.5906298929
20131120 23:00,-0.5244465177,3.3414819082,3.3823875432,-0.697928344,4.1556226613,4.2138229289
20131121 0:00,-0.2413494234,2.9914104529,3.0011307938,-0.3268645227,3.653029557,3.6676239394
20131121 1:00,1.5654524653,1.6298960252,2.2599120501,1.9153759789,1.9082553905,2.7037203583
20131121 2:00,2.5017449824,1.5038889519,2.918974124,3.034697833,1.7602746278,3.5082699016
20131121 3:00,3.2056453263,1.6545724104,3.6074605776,3.9028653905,1.9560544865,4.3656050452
20131121 4:00,3.4456018017,2.1087229038,4.039663855,4.2192545693,2.5257149448,4.9174531114
20131121 5:00,3.1354654114,2.8710656975,4.2513717298,3.8468721166,3.5137811882,5.2100943677
20131121 6:00,2.597979716,3.5173769777,4.3728068112,3.1722347097,4.3892249041,5.4155672198
20131121 7:00,2.263049224,4.0303307721,4.6222243479,2.7601677036,5.1219261143,5.8183032641
20131121 8:00,2.1474834959,4.7312451174,5.1958027028,2.682973093,6.1951140354,6.7511319443
20131121 9:00,2.0810857321,4.8656526623,5.2920216982,2.8259462099,6.9546613132,7.5068825728
20131121 10:00,1.6200835368,4.2046405568,4.5059597067,2.3877852509,7.0757960084,7.467824821
20131121 11:00,1.1099133771,3.9442259386,4.0974169863,1.6076847844,7.0149012697,7.1967694273
20131121 12:00,0.8859259841,3.6743607899,3.7796550191,1.2124701229,6.7896562149,6.8970657033
20131121 13:00,0.3148211678,3.3472674287,3.3620397986,0.2845039233,6.4000608439,6.4063812944
20131121 14:00,-0.4953996459,2.8374638112,2.8803856841,-1.2903748583,5.7092656904,5.8532710512
20131121 15:00,-1.3472241217,2.5880748119,2.9177292654,-2.984850924,5.0754365827,5.8880719717
20131121 16:00,-1.3186478689,2.1649010574,2.5348824017,-2.8701462561,4.5712543379,5.3976018521
20131121 17:00,-0.8832802533,1.98324086,2.1710431397,-2.131904839,4.5437534882,5.0190351666
20131121 18:00,-0.5428866541,1.9155120581,1.9909576499,-1.5507707632,4.6157795232,4.8693234198
20131121 19:00,-0.3050313738,1.8246819594,1.8500022681,-1.0876030994,4.6190534338,4.7453698619
20131121 20:00,-0.2672098628,2.191152531,2.20738545,-0.9250595179,4.8567393492,4.9440522062
20131121 21:00,-0.4542162228,2.8012367777,2.837823085,-0.7619723123,4.1083233677,4.1783875716
20131121 22:00,-0.5416259371,3.7494400044,3.7883583519,-0.7168515188,4.879656724,4.9320306005
20131121 23:00,-0.0747403956,3.7573154465,3.7580587397,-0.1574624037,4.7624507216,4.7650531251
20131122 0:00,0.7098458384,3.4622488831,3.5342677379,0.8014903649,4.3250562548,4.3986928072
20131122 1:00,1.2914953225,3.7196231167,3.9374555614,1.4912389772,4.6589198042,4.8917611787
20131122 2:00,1.6808008789,3.6376858102,4.0072246816,1.9577239338,4.5482923392,4.9517316369
20131122 3:00,1.9704011865,3.4369669052,3.9617196195,2.3167945912,4.2908444731,4.8763596535
20131122 4:00,2.3208175588,3.4699617937,4.1745453634,2.7715151245,4.3352320363,5.1454380663
20131122 5:00,2.7097094005,3.7317212425,4.6117532964,3.3142130839,4.6876009989,5.7408720148
20131122 6:00,2.9711771068,4.1122622899,5.0733218448,3.7019275544,5.2223004131,6.4013037127
20131122 7:00,2.8189300879,4.4609082784,5.2769375123,3.5822373353,5.7358303741,6.7625567951
20131122 8:00,2.4230050959,4.7826084413,5.361370832,3.1449076885,6.2794073009,7.0229196507
20131122 9:00,1.599299078,4.9552816912,5.2069736104,2.1541386524,7.0210210478,7.3440486033
20131122 10:00,1.0569190733,4.8661954922,4.9796522465,1.4820320373,7.8862370859,8.0242852849
20131122 11:00,1.1247682882,4.3784210572,4.520583442,1.5776819132,7.4177775736,7.5836999117
20131122 12:00,1.0966356869,3.710274565,3.8689465203,1.4932849638,6.6488484032,6.8144761407
20131122 13:00,0.9932070056,3.2285491928,3.3778676774,1.2820368421,6.1134661034,6.2464458904
20131122 14:00,0.7726970571,3.0151822471,3.112617022,0.8656785584,5.9379645077,6.0007351101
20131122 15:00,0.4859927525,2.8397594233,2.8810453897,0.4211879583,5.8150451021,5.8302786242
20131122 16:00,0.282031393,2.8430589121,2.8570134204,0.1342383304,5.8628470932,5.8643836818
20131122 17:00,0.1484015367,2.7875175165,2.7914650133,-0.0974696579,5.8409947544,5.8418079441
20131122 18:00,0.0544882941,2.8040149607,2.8045443256,-0.2560336234,6.0007899816,6.0062495469
20131122 19:00,-0.0042591969,2.7985158126,2.7985190538,-0.4059021456,6.0588352565,6.0724164232
20131122 20:00,0.157089546,2.7853178572,2.7897441982,-0.1818666073,5.7221726624,5.7250620469
20131122 21:00,0.3192657183,3.2054527708,3.2213130964,0.2687619528,4.6930640836,4.7007535013
20131122 22:00,0.2592770831,4.2651386066,4.2730120453,0.2084053465,5.6265686803,5.6304269733
20131122 23:00,0.0582117266,4.6225832321,4.6229497448,-0.0739408114,5.9352329653,5.9356935228
20131123 0:00,-0.0903118597,4.1628544523,4.1638339812,-0.2279013069,5.2468842942,5.2518314712
20131123 1:00,0.8203850098,4.1615146716,4.2416077054,0.8781624291,5.2491658473,5.3221153073
20131123 2:00,1.094709847,3.697182906,3.8558463519,1.1944594828,4.6395923289,4.7908820101
20131123 3:00,1.3909247815,3.5269279253,3.7912916451,1.5724316327,4.3996859194,4.6722347361
20131123 4:00,1.549744424,3.5721705076,3.893855405,1.8247902837,4.439670321,4.8000554308
20131123 5:00,1.7248652029,3.7114700373,4.092697131,2.0760172816,4.6192229168,5.0642934461
20131123 6:00,1.6843452354,3.7281383571,4.0909698705,2.0109472259,4.6652426997,5.0801966687
20131123 7:00,1.5227311124,4.0126903878,4.2918986694,1.8762805018,5.0990357357,5.4332857421
20131123 8:00,1.7067010795,4.717522196,5.016756347,2.1688128394,6.3340256486,6.6950451865
20131123 9:00,1.3010356583,4.8395581087,5.011388677,1.6488182199,6.6946396855,6.8946937598
20131123 10:00,1.00249199,3.8781532352,4.0056288777,1.4247508975,6.7527302312,6.9013970104
20131123 11:00,0.613127705,3.657297998,3.7083357761,0.7084144576,6.6938852628,6.731266668
20131123 12:00,0.1315455631,3.1667731584,3.1695041366,-0.2614122864,6.2759351029,6.2813770624
20131123 13:00,-0.7948247273,3.0209253603,3.1237375657,-2.0205670981,5.9319183648,6.2666056909
20131123 14:00,-1.5996351153,2.9304401957,3.3386093277,-3.1669317326,5.6361846777,6.4649852529
20131123 15:00,-1.7556602774,2.8244773056,3.3256600938,-3.3225340398,5.4166476803,6.3544712241
20131123 16:00,-2.1086963157,2.7286344668,3.4484846245,-3.8255538621,5.1616528174,6.4247585293
20131123 17:00,-2.4435682306,2.2672791869,3.3334037573,-4.4802152057,4.5701854432,6.3999158802
20131123 18:00,-2.5972646589,1.6987704227,3.1034826659,-4.9606019651,3.7720062569,6.231821809
20131123 19:00,-2.6466338146,1.2594411368,2.9310173193,-5.0533975229,2.9436501639,5.8482392916
20131123 20:00,-3.014573749,1.0594212993,3.1953135022,-5.0635824012,2.316724924,5.5684002287
20131123 21:00,-3.6675506958,1.1159745272,3.833578909,-4.9283498505,1.554758026,5.1677756113
20131123 22:00,-3.7825901436,0.6272355791,3.8342421241,-4.8802545919,0.8523905191,4.9541350889
20131123 23:00,-3.3582948522,0.3855449421,3.3803534159,-4.1961702666,0.5377962651,4.2304928471
20131124 0:00,-2.8543568662,0.4688865411,2.8926126094,-3.4928478379,0.629835831,3.5491800733
20131124 1:00,-1.7155260201,0.5824218342,1.8116966409,-2.0267301584,0.7404012197,2.1577370324
20131124 2:00,-1.086858135,0.9076632548,1.416020194,-1.2470641473,1.1235099471,1.6785242294
20131124 3:00,-0.9962233303,1.367997115,1.6922993324,-1.1406232574,1.6631441512,2.0166977669
20131124 4:00,-1.033543544,1.7477852942,2.0305087274,-1.1908720024,2.1093679902,2.4223148937
20131124 5:00,-1.1228454839,2.0521256203,2.3392309724,-1.3124415467,2.4792225441,2.805182211
20131124 6:00,-1.3978599156,2.2055702404,2.6112358049,-1.6668843071,2.6818220524,3.1576372201
20131124 7:00,-1.7719506288,2.247882212,2.8623038745,-2.1337113574,2.7632405463,3.4911634842
20131124 8:00,-2.1216054879,2.0322440915,2.9378948064,-2.589732226,2.5543295269,3.6374870907
20131124 9:00,-2.5099134254,1.4719928043,2.9097127382,-3.8140726149,2.265893467,4.4363749971
20131124 10:00,-2.9159928932,0.919388259,3.057497232,-6.1536109573,1.7622348764,6.4009686433
20131124 11:00,-3.5299992657,0.9357013083,3.6519079609,-7.3028483832,1.7723332943,7.5148359805
20131124 12:00,-3.9116428794,0.8577045413,4.0045732726,-7.892325596,1.9522113623,8.1301864995
20131124 13:00,-4.2066502827,0.9122512999,4.3044290022,-8.162480139,2.1617535328,8.4438889356
20131124 14:00,-4.2670734858,0.7215925362,4.3276566316,-8.2354218656,1.8341861036,8.4372040373
20131124 15:00,-4.1626657451,0.3560782751,4.1778676192,-8.106287994,1.0635505911,8.1757595918
20131124 16:00,-3.9476302283,-0.0201414246,3.9476816103,-7.8604473599,0.2310622691,7.8638427292
20131124 17:00,-3.7605848717,-0.1883697456,3.7652996877,-7.5751641625,-0.3420229442,7.5828814961
20131124 18:00,-3.5722066503,-0.2418969386,3.5803874764,-7.2920422014,-0.8008698055,7.3358893062
20131124 19:00,-3.5757609563,-0.2510730288,3.5845646992,-7.2131570749,-1.1315929902,7.301379163
20131124 20:00,-3.7334832879,-0.2831893447,3.7442080159,-7.1526424573,-1.348077823,7.2785718337
20131124 21:00,-4.0840267235,-0.5217676908,4.1172218548,-6.6436712983,-1.4250782591,6.7947933275
20131124 22:00,-4.1822144285,-1.1809168394,4.3457429868,-5.5068609813,-1.7362357593,5.7740828258
20131124 23:00,-3.9827290007,-1.8390464224,4.3868236842,-5.0157200221,-2.4860432851,5.5980227363
20131125 0:00,-3.2576505636,-1.9236703657,3.7832254586,-3.9496901955,-2.4942482496,4.6713303213
20131125 1:00,-1.6879778173,-1.7011969542,2.3965266927,-1.8933318432,-2.1212043887,2.843275141
20131125 2:00,-0.6660804978,-1.1245479929,1.3070085761,-0.6156477183,-1.3874846787,1.5179380246
20131125 3:00,-0.1896528188,-0.6283616774,0.6563585829,-0.050171341,-0.7720885947,0.7737169776
20131125 4:00,0.0666797675,-0.4719065328,0.4765941325,0.2515785534,-0.5631822883,0.6168193078
20131125 5:00,0.1956089552,-0.32036855,0.375364984,0.3675987067,-0.3689956676,0.5208518137
20131125 6:00,0.2947852535,-0.0016470698,0.2947898548,0.4061095979,-0.0276121913,0.4070472192
20131125 7:00,0.1376289654,0.3197564985,0.348117725,0.2647405036,0.3352846714,0.4272041024
20131125 8:00,-0.2533545181,0.6112100821,0.6616390831,-0.2159144171,0.7185626373,0.7503008058
20131125 9:00,-1.3359019584,0.4829168635,1.4205079161,-2.7439838074,0.8397169721,2.8695943491
20131125 10:00,-2.8418559029,0.3523885715,2.8636205542,-6.3893565224,0.3035807333,6.3965645492
20131125 11:00,-3.6181011605,-0.1433507293,3.6209398558,-7.9200425782,-0.7420830819,7.9547320345
20131125 12:00,-3.2568705665,-0.3047230355,3.271094926,-7.4715613135,-1.0664823055,7.5472917639
20131125 13:00,-3.4392023764,-0.4044073133,3.4628973795,-7.5924562631,-1.4967500367,7.738582091
20131125 14:00,-3.7969999447,-0.6985429851,3.8607215494,-8.0087638719,-2.1664957289,8.2966259708
20131125 15:00,-3.8896916389,-1.3087180488,4.1039546753,-7.8742194925,-3.469754041,8.6047966694
20131125 16:00,-3.5742347209,-2.1227318151,4.1570595616,-6.9655574517,-5.2446084323,8.7192263545
20131125 17:00,-3.3674902838,-2.517445794,4.204464786,-6.2704114913,-6.1538320853,8.7856536242
20131125 18:00,-3.2564891192,-2.5724286019,4.1499530474,-5.7800069779,-6.4131250076,8.6334612426
20131125 19:00,-3.0367754738,-2.7494464226,4.0965181446,-5.0770613434,-6.6718517881,8.3839226002
20131125 20:00,-2.6660086972,-2.7999590836,3.8661832914,-4.3273176638,-6.9402029783,8.1787588021
20131125 21:00,-2.7319990802,-3.3220722516,4.3011606596,-3.5902484548,-6.7239368292,7.6224150012
20131125 22:00,-2.1983543061,-3.9599622267,4.5292452453,-2.7883444542,-5.6443045089,6.2954775978
20131125 23:00,-1.6906479484,-4.0757390336,4.4124754,-2.0386007746,-5.3397202465,5.7156369225
20131126 0:00,-0.9510216317,-3.4700341169,3.5979965142,-1.0353676846,-4.3370832045,4.4589546942
20131126 1:00,1.2097385598,-1.4216828988,1.8667216311,1.5653878498,-1.6436631452,2.2698166568
20131126 2:00,1.178035762,-0.7555817434,1.3995256437,1.4649126863,-0.85188359,1.6946016728
20131126 3:00,1.1514613579,-0.3775643963,1.2117830384,1.4012982336,-0.4237361268,1.4639634711
20131126 4:00,1.2498332748,-0.1344473574,1.2570438762,1.5089077283,-0.159157938,1.5172784127
20131126 5:00,1.5556720307,0.2870543381,1.5819341516,1.8656242852,0.3289432034,1.8944016482
20131126 6:00,1.8251458125,0.661612703,1.9413625642,2.1860746588,0.7714274157,2.3181938382
20131126 7:00,2.0321464339,1.0806436969,2.3016102903,2.4518284937,1.2849437034,2.7681299253
20131126 8:00,1.9221190766,1.7704635878,2.6132514346,2.4072389241,2.2129223755,3.2698355735
20131126 9:00,0.7733588716,1.9325416137,2.0815381412,1.6379202164,4.1640236004,4.474581006
20131126 10:00,-1.2509580157,2.4247053755,2.7283863573,-2.505342592,5.4810495107,6.0264952702
20131126 11:00,-3.8067629847,1.0277706823,3.9430644171,-8.0207750893,1.419187809,8.1453623044
20131126 12:00,-4.6576101333,-1.2591107325,4.824799684,-8.7841485211,-2.7547612041,9.2059749365
20131126 13:00,-3.6967356275,-1.9449775009,4.1771750955,-7.5439639582,-4.3669938128,8.7167670133
20131126 14:00,-3.3447413276,-2.6407270757,4.2615412748,-6.7056800495,-6.0698086093,9.0448173823
20131126 15:00,-3.1419366648,-3.1931759568,4.4797476153,-5.9619260284,-7.2819155827,9.4112090892
20131126 16:00,-2.8510168726,-3.8103572202,4.7588989644,-5.0005749075,-8.4216871399,9.7944149232
20131126 17:00,-2.5614957333,-4.3440287691,5.0429997361,-4.2062860408,-9.2245450922,10.138297412
20131126 18:00,-2.0570482731,-4.5999934564,5.0389867431,-3.2241264542,-9.6605126003,10.1843259519
20131126 19:00,-1.7111148023,-4.6844914516,4.9872210726,-2.5778749586,-9.9257424596,10.2550379168
20131126 20:00,-1.2355728343,-4.8697940727,5.0240953952,-1.7609940433,-10.1375353447,10.2893499739
20131126 21:00,-0.7054834053,-5.5037761072,5.5488069234,-0.7508916597,-9.6781077016,9.7071935681
20131126 22:00,-0.3017389502,-5.3861707103,5.3946159561,-0.2604063939,-8.266589581,8.2706901036
20131126 23:00,0.7071559701,-5.9069946107,5.9491726229,1.0832259704,-7.995494688,8.0685385175
20131127 0:00,3.0517643593,-5.6747486589,6.443294037,4.1474211942,-7.4246314037,8.5044843491
20131127 1:00,4.0507121621,-4.270015037,5.8856858085,5.251690067,-5.4670953673,7.5808561729
20131127 2:00,4.4049939064,-3.3905929555,5.5587851105,5.6066869983,-4.3506679137,7.0967070104
20131127 3:00,4.540593845,-3.0342358337,5.4610969191,5.7949258169,-3.9056009986,6.9881960751
20131127 4:00,4.8014622983,-2.5351319393,5.4296348083,6.1318337326,-3.2745767857,6.9514198585
20131127 5:00,4.9844145964,-1.8570847692,5.3191308227,6.3811229789,-2.4261466143,6.8267794652
20131127 6:00,4.8152375301,-1.3982558571,5.0141431884,6.2160607115,-1.8600707224,6.4883953225
20131127 7:00,4.4803272056,-1.2437834567,4.6497665701,5.859367935,-1.7199190824,6.1065795866
20131127 8:00,3.8966017557,-1.2080967636,4.0795836837,5.3308295103,-1.7199190824,5.6014163314
20131127 9:00,1.7153798863,-0.6075406986,1.8197895084,4.378895064,-1.2734848343,4.560316393
20131127 10:00,2.5982861531,0.5527866391,2.6564382172,4.9837465233,1.5903942858,5.2313557892
20131127 11:00,1.4291133493,4.7153844917,4.9271914788,2.1064624785,9.2290004947,9.4663421818
20131127 12:00,1.746374158,4.2264767953,4.5730655802,2.8741150782,8.2294800187,8.7169305872
20131127 13:00,1.7833950936,3.7232944217,4.1283676448,2.6406537206,7.3885701792,7.8462743621
20131127 14:00,1.7799512856,3.0416785823,3.5242070281,2.8859859947,6.4280186959,7.046157784
20131127 15:00,0.3714338282,1.6228776241,1.6648407947,1.1782698652,4.4727324024,4.625327558
20131127 16:00,-0.6914114047,-0.0508282853,0.6932771777,0.8781052625,1.60338395,1.8280888772
20131127 17:00,-0.4464705633,1.0100861215,1.1043595142,1.1839226826,2.0669098615,2.381971724
20131127 18:00,-0.5312743344,1.0111057413,1.1421852908,0.4993664982,1.8679628995,1.9335594879
20131127 19:00,-1.0383750571,-0.2889095097,1.0778179178,-1.2524416069,-0.4722276539,1.3385099685
20131127 20:00,0.2431519816,0.8632608696,0.8968512782,0.038661882,-0.1796183764,0.1837321481
20131127 21:00,0.3632547843,1.2670303123,1.3180742963,0.1042345636,0.4240591751,0.4366818386
20131127 22:00,3.0154173928,3.3128974503,4.4797356584,3.7870450846,4.4303450771,5.8283503648
20131127 23:00,3.7988837047,4.6791879886,6.0271317917,4.7977688316,6.2222350685,7.8571492928
20131128 0:00,3.3752953251,5.0900947699,6.107510401,4.3223668902,6.7951476258,8.053377353
20131128 1:00,0.8726923706,4.1902676892,4.2801793515,0.8605718548,5.6981108685,5.7627295084
20131128 2:00,2.2629216968,5.3316694452,5.7920215537,2.8305920156,7.1792673311,7.7171322763
20131128 3:00,0.5804019733,4.4777636202,4.5152224186,0.6246484678,5.8875611137,5.9206048319
20131128 4:00,0.5156541005,4.5668015391,4.5958215206,0.5036928226,5.9291827585,5.9505390212
20131128 5:00,1.4521858322,5.0752831485,5.2789528061,1.7797149997,6.74367529,6.9745639217
20131128 6:00,-0.7700536595,4.5201370877,4.5852613807,-1.1747164511,6.000944215,6.1148417978
20131128 7:00,-2.1066347482,2.0984129671,2.9734234382,-2.8363595958,2.9159191991,4.06786437
20131128 8:00,-0.068926694,3.6474582075,3.6481094096,-0.249585403,4.9883900635,4.9946299461
20131128 9:00,0.7640084412,3.5224832971,3.6043858668,0.8755416129,5.0479520724,5.123318577
20131128 10:00,0.9966382985,4.168812769,4.2862906808,1.2042774999,6.1222210765,6.2395412657
20131128 11:00,1.0465866576,4.0454469777,4.178634332,1.2515819353,6.154513732,6.2804853808
20131128 12:00,0.4328693203,4.1242938095,4.1469477059,0.3773480646,6.0160141209,6.0278368811
20131128 13:00,-0.2710325541,4.9674721744,4.9748606461,-0.5621539513,7.0465086366,7.0688967336
20131128 14:00,-1.2695372498,4.8022692886,4.9672442208,-1.9405692735,6.930255077,7.1968218359
20131128 15:00,-1.990551062,4.3243609406,4.7605032376,-3.0124039506,6.3267412276,7.0072984897
20131128 16:00,-2.5473827681,4.2304956646,4.9382438716,-3.872865644,6.369080487,7.4541447897
20131128 17:00,-2.8336608629,3.8207066883,4.7568301929,-4.7393152405,6.4264896522,7.9850409015
20131128 18:00,-3.2050361619,3.9435361066,5.0817057986,-5.4105591919,6.6704786044,8.5889135274
20131128 19:00,-3.5176758907,3.7638511497,5.1517588403,-5.8626458854,6.3504225083,8.6428284034
20131128 20:00,-3.7900794413,3.5664658836,5.204265661,-6.1428797563,5.9320532168,8.5395683185
20131128 21:00,-4.3469111474,3.7574146736,5.745763792,-6.121922095,5.3170575344,8.1085776164
20131128 22:00,-4.7747095928,3.5771933437,5.9660844709,-6.4273051594,4.812574495,8.0293913146
20131128 23:00,-4.7654598966,3.3792717046,5.84201038,-6.2608414498,4.4358268483,7.6729847835
20131129 0:00,-4.6933122669,3.0499386792,5.5972587917,-6.0686297563,3.9464137148,7.2389535381
20131129 1:00,-4.3210311639,2.8940337136,5.2006481764,-5.4990492173,3.6969836307,6.6262531087
20131129 2:00,-3.8415448275,2.7933179843,4.749746522,-4.8427309851,3.5306278683,5.9931107564
20131129 3:00,-3.5423165124,2.930188078,4.597173963,-4.4390873265,3.6808846859,5.7666635383
20131129 4:00,-3.4778241981,3.0551788805,4.6291877414,-4.3622784938,3.8324830823,5.8066686003
20131129 5:00,-3.4345622731,3.0944321904,4.6229566934,-4.3135446138,3.8955372825,5.8122179807
20131129 6:00,-3.5643480483,3.0541458987,4.6938666555,-4.502653257,3.8680349186,5.935956577
20131129 7:00,-3.7586261378,3.0903002631,4.8659250056,-4.8167748968,3.9740196382,6.2445298054
20131129 8:00,-3.9829472308,3.1579605736,5.0829699613,-5.2400180506,4.1812935518,6.703805258
20131129 9:00,-3.942088746,2.7158443463,4.7870527671,-5.7750312989,4.0042051596,7.0274209681
20131129 10:00,-3.4658069967,1.8682827471,3.9372958438,-6.4027448624,3.6553946901,7.3727235207
20131129 11:00,-3.8223173053,1.721082835,4.1919250598,-7.1533525582,3.4762939298,7.9533057472
20131129 12:00,-4.3602873551,1.6281144694,4.6543380351,-8.0273841024,3.2435300203,8.6579086689
20131129 13:00,-4.8061255275,1.624499033,5.0732474505,-8.6572165302,3.1556566136,9.2144216701
20131129 14:00,-5.1001463887,1.7133354712,5.3802427104,-9.0640384853,3.2086489734,9.6152078448
20131129 15:00,-5.3897609428,1.6513565608,5.6370649731,-9.5052919861,3.1730971371,10.0209341472
20131129 16:00,-5.5271576122,1.2748346804,5.6722724487,-9.7902792411,2.624391437,10.1359261064
20131129 17:00,-5.6072722883,0.9628741649,5.6893434747,-9.947075203,2.1367275691,10.1739820031
20131129 18:00,-5.8167721662,0.6700238134,5.8552344398,-10.2267652971,1.5900342371,10.3496346466
20131129 19:00,-6.115599908,0.3461840068,6.1253902408,-10.6187552018,0.8843638258,10.6555178857
20131129 20:00,-6.2722240998,-0.1542956944,6.2741216372,-10.7003314792,-0.1882283679,10.7019869036
20131129 21:00,-6.6391493162,-0.6041592855,6.6665817392,-10.1605507862,-0.9529282433,10.2051391228
20131129 22:00,-7.3313401175,-1.3200157001,7.4492274343,-10.1271786727,-1.9121570344,10.3061191723
20131129 23:00,-7.281268445,-2.2228418278,7.6130083383,-9.759025992,-3.1048205242,10.2410203984
20131130 0:00,-6.9700229284,-2.6871671646,7.4700794502,-9.1699817028,-3.6495014881,9.8695200259
20131130 1:00,-5.8770245719,-3.0400045062,6.6167246592,-7.560553653,-4.0874074468,8.5947001795
20131130 2:00,-5.4310510475,-3.0264369121,6.2173656691,-6.9074987244,-4.0189938266,7.9916112272
20131130 3:00,-4.6640086124,-3.0641246736,5.5804871071,-5.8396582805,-4.0183484151,7.0886340587
20131130 4:00,-4.4454255385,-2.8696558239,5.2911938885,-5.5319847033,-3.7621200454,6.6900225705
20131130 5:00,-4.4702463271,-2.6028264718,5.1727949764,-5.5664135405,-3.434250998,6.5405687537
20131130 6:00,-4.3005041598,-2.677196988,5.065739802,-5.3860720121,-3.5394530743,6.4449592539
20131130 7:00,-4.2132310644,-2.7264423298,5.0184463512,-5.3297835957,-3.6724078454,6.4724935349
20131130 8:00,-4.6908310775,-2.4540854395,5.2939995789,-6.195422932,-3.4594220469,7.0958344263
20131130 9:00,-4.0418875559,-1.5189264487,4.317868985,-6.5932672734,-2.7139717522,7.1299941101
20131130 10:00,-4.1964169818,-0.9320023749,4.2986676903,-7.8627623354,-2.1827980789,8.1601249376
20131130 11:00,-4.7192548838,-1.2048617688,4.8706322526,-8.7043561346,-2.7204258673,9.119568664
20131130 12:00,-4.9810741701,-1.8490712402,5.3132065967,-9.1295249501,-4.0454556986,9.9856866376
20131130 13:00,-5.0347191003,-2.5284559557,5.6339582834,-9.03498227,-5.3653222378,10.5079773189
20131130 14:00,-5.2761212863,-3.2068356642,6.1742409092,-9.0705040862,-6.6200022144,11.2293576708
20131130 15:00,-5.4995083838,-3.99576614,6.7978481529,-9.1912782613,-7.8475749076,12.085695181
20131130 16:00,-4.6291794413,-3.9882285877,6.1102593699,-7.7365232656,-8.0231268385,11.1455980775
20131130 17:00,-3.8505272825,-3.9213956238,5.4958078561,-6.4194836188,-8.2490208672,10.4525650058
20131130 18:00,-3.3849373284,-4.9289151169,5.9792980312,-5.3254116798,-9.6779619517,11.0464001873
20131130 19:00,-2.8248682435,-5.4258910663,6.1172031563,-4.2739659203,-10.3072381746,11.1582231325
20131130 20:00,-2.5274191154,-6.6238593812,7.0896657528,-3.6482354657,-11.8768789684,12.4245674389
20131130 21:00,-2.5290204566,-7.4238449338,7.8427940219,-3.5531462962,-12.5042189567,12.9992438365
20131130 22:00,-3.1051029536,-6.6530045835,7.3419434988,-4.4237040378,-12.5616605812,13.317825422
20131130 23:00,-2.2864172647,-6.1650736968,6.5753963832,-2.957472763,-9.0099610383,9.4829343061
20131201 0:00,1.0471747797,-5.4203635279,5.5205901672,1.3368415709,-7.3351181682,7.4559442009
